Ocean_Name,Date_Year,avg_bleaching_pct,num_observations,avg_temperature,avg_ssta,avg_tsa,max_bleaching_pct
Arabian Gulf,1996,78.53846153846153,13,299.7438461538461,0.3823076923076923,-0.7576923076923078,100.0
Arabian Gulf,1998,54.611111111111114,9,299.62,3.1611111111111114,2.878888888888889,75.0
Arabian Gulf,2000,60.166666666666664,3,298.68666666666667,0.01666666666666668,-0.7433333333333333,75.0
Arabian Gulf,2002,75.0,1,300.93,1.22,1.23,75.0
Arabian Gulf,2003,0.9375,8,300.46000000000004,-0.20500000000000002,-2.11,2.25
Arabian Gulf,2004,1.8333333333333333,6,300.6033333333333,-0.7833333333333333,-1.4266666666666667,2.5
Arabian Gulf,2006,0.375,4,297.85,0.78,0.59,0.5
Arabian Gulf,2007,33.412,5,300.75600000000003,0.18000000000000002,-3.492,75.0
Arabian Gulf,2009,1.3502777777777777,72,300.32444444444445,1.2165277777777779,-1.6801388888888895,70.0
Arabian Gulf,2010,2.032,70,300.4977142857142,0.9097142857142857,-1.9145714285714284,36.25
Arabian Gulf,2011,5.9375,24,300.305,1.0416666666666663,-1.3595833333333331,80.0
Arabian Gulf,2012,0.20833333333333334,24,300.2116666666666,0.9558333333333332,-2.129166666666666,2.25
Arabian Gulf,2013,0.5789473684210527,38,300.2594736842105,0.3152631578947368,-2.0205263157894735,7.5
Arabian Gulf,2014,0.0,14,300.5071428571428,0.12999999999999998,-2.9357142857142855,0.0
Arabian Gulf,2015,0.0625,24,300.22499999999997,0.49999999999999994,-2.801666666666666,0.25
Arabian Gulf,2016,0.47058823529411764,34,300.27235294117645,0.897058823529412,-2.953529411764704,7.5
Arabian Gulf,2017,1.09375,16,300.755,0.33375,-10.1425,4.75
Arabian Gulf,2019,16.25,4,300.82,1.475,-0.695,32.5
Atlantic,1983,87.0,2,300.47,0.95,0.10999999999999999,99.0
Atlantic,1987,18.99411764705882,17,300.19437500000004,-0.130625,-0.48812500000000003,75.0
Atlantic,1988,49.583333333333336,6,298.60499999999996,-0.17499999999999996,-1.9149999999999998,75.0
Atlantic,1990,5.5,1,299.82,-1.54,-1.56,5.5
Atlantic,1991,7.75,2,299.825,1.27,-1.3849999999999998,10.0
Atlantic,1992,11.0,5,299.934,-0.20999999999999996,-2.48,30.5
Atlantic,1993,11.0,5,299.956,-0.344,-2.37,33.0
Atlantic,1994,23.5,4,299.66249999999997,0.029999999999999985,-2.9375,75.0
Atlantic,1995,31.666666666666668,3,299.82666666666665,-0.4166666666666667,-2.6266666666666665,34.0
Atlantic,1997,57.2,5,299.75199999999995,0.754,0.606,75.0
Atlantic,1998,31.51807228915663,166,300.21626506024086,0.6163253012048198,0.12560240963855426,80.49
Atlantic,1999,8.329986282578874,729,300.5002469135806,-0.1203703703703704,-0.827805212620027,75.0
Atlantic,2000,1.9567047619047624,525,300.9987809523809,-0.25344761904761964,-0.7927809523809521,30.5
Atlantic,2001,0.8128593272171253,654,300.99045941806946,0.018545176110260343,-2.1049923430321518,75.0
Atlantic,2002,2.9170076726342704,391,300.8024552429669,-0.3701790281329922,-1.7135294117647077,50.0
Atlantic,2003,2.557450980392157,714,300.3380504908835,0.3799158485273494,-0.6221739130434786,75.0
Atlantic,2004,6.844227642276423,492,300.5054268292681,0.22890243902439025,-0.8182317073170728,85.71
Atlantic,2005,34.63188431511712,2818,300.566659566917,0.38619808306709036,-0.4114412495562654,100.0
Atlantic,2006,18.94637614678898,1526,300.5240104849281,0.19524246395806022,-1.5512844036697258,100.0
Atlantic,2007,7.471712000000003,625,300.40830399999976,0.265744,-0.8720159999999995,90.0
Atlantic,2008,4.64141955835962,634,300.27817034700297,0.08335962145110412,-1.033059936908518,75.0
Atlantic,2009,8.801771159874606,638,300.29283699059545,0.38083072100313486,-0.5835736677115996,100.0
Atlantic,2010,7.98693446088795,473,300.0164270613108,0.5105285412262157,-1.0084566596194506,90.0
Atlantic,2011,9.15906488549619,524,300.27070610686997,0.5342366412213742,-0.4744274809160304,82.5
Atlantic,2012,3.8574215246636756,446,300.0830493273542,0.11082959641255602,-1.150672645739911,46.97
Atlantic,2013,3.674175084175084,297,300.247152542373,0.2084406779661017,-1.2027118644067796,33.75
Atlantic,2014,21.44831978319783,369,300.2154200542004,0.45219512195121986,-0.40376693766937677,94.0
Atlantic,2015,19.140782608695645,460,300.09936956521744,0.5704782608695653,-0.8010217391304348,100.0
Atlantic,2016,7.815648148148147,324,300.120864197531,0.5459876543209876,-0.9724074074074079,77.78
Atlantic,2017,2.4544394618834082,223,300.5856950672645,0.3839461883408071,-0.8968161434977576,36.75
Atlantic,2018,1.5658682634730539,167,300.40610778443113,0.114251497005988,-1.441077844311377,23.75
Atlantic,2019,0.5251351351351351,74,300.4740540540539,0.15081081081081082,-1.303243243243243,8.25
Indian,1983,75.0,1,300.69,0.38,-0.53,75.0
Indian,1986,75.0,1,300.69,0.18,-0.84,75.0
Indian,1990,75.0,2,302.3,0.69,0.04,75.0
Indian,1991,75.0,2,302.40999999999997,1.615,1.0699999999999998,75.0
Indian,1995,75.0,3,302.1366666666667,0.9766666666666666,0.8466666666666667,75.0
Indian,1997,46.125,4,301.94000000000005,0.395,-0.29250000000000004,75.0
Indian,1998,50.69449612403102,129,300.68109375,0.7899999999999998,0.06171875000000003,89.26
Indian,1999,16.357142857142858,7,299.57142857142856,0.6214285714285713,0.3685714285714286,75.0
Indian,2000,3.27,4,297.67,0.16,-1.2275,5.5
Indian,2001,27.718888888888888,18,298.59055555555557,0.43666666666666676,-1.1372222222222224,75.0
Indian,2002,27.48846153846154,26,300.6396153846154,0.5796153846153848,0.303076923076923,90.0
Indian,2003,13.766355140186915,107,300.2860747663551,-0.09130841121495327,-2.662056074766355,90.0
Indian,2004,6.891,80,299.89487499999996,0.019249999999999972,-1.73675,75.0
Indian,2005,7.31288256227758,281,301.1213261648746,0.48526881720430104,-0.9673118279569894,80.0
Indian,2006,1.306315789473684,95,301.35231578947383,-0.22136842105263152,-1.8925263157894747,75.0
Indian,2007,3.4209166666666664,120,300.52508333333327,0.16424999999999998,-0.8678333333333335,27.05
Indian,2008,0.6938461538461538,130,300.89676923076934,-0.1775384615384615,-1.5448461538461538,10.5
Indian,2009,3.490891089108911,101,300.51168316831684,0.24247524752475247,-1.395148514851485,75.0
Indian,2010,25.71654545454546,110,300.5344545454546,0.6770000000000003,-0.5192727272727272,97.0
Indian,2011,0.44396551724137934,116,301.21534482758625,0.5984482758620687,-0.5610344827586207,3.5
Indian,2012,0.43309859154929575,142,300.36845070422544,0.2901408450704226,-1.2591549295774649,10.0
Indian,2013,0.7044,50,300.5408,-0.4940000000000001,-1.9631999999999998,5.0
Indian,2014,0.6524390243902439,82,300.3641463414633,0.4478048780487804,-1.4719512195121955,10.0
Indian,2015,1.0726027397260274,73,300.02958904109585,0.5152054794520547,-1.2449315068493152,41.5
Indian,2016,47.93887550200801,249,300.688313253012,0.6378714859437752,0.09823293172690764,100.0
Indian,2017,1.1838235294117647,136,301.4308823529412,0.628970588235294,-0.8235294117647056,20.0
Indian,2018,1.9038461538461537,104,301.77538461538455,-0.05923076923076927,-0.786153846153846,35.0
Indian,2019,5.382828947368421,152,301.53315789473703,0.5177631578947368,-0.4472368421052629,65.0
Indian,2020,9.0,2,,,,9.0
Pacific,1980,52.75,2,295.53,,,75.0
Pacific,1983,69.66666666666667,12,299.1983333333333,2.6533333333333338,1.4333333333333336,100.0
Pacific,1986,81.25,2,298.08,-0.44499999999999995,-1.88,87.5
Pacific,1987,9.4,1,298.75,2.35,1.2,9.4
Pacific,1991,66.89999999999999,3,300.6433333333334,0.6233333333333333,0.5866666666666668,75.0
Pacific,1992,41.833333333333336,3,300.49333333333334,-0.5966666666666667,-1.9266666666666667,60.0
Pacific,1993,54.375,4,301.5125,-0.6975,-1.6949999999999998,75.0
Pacific,1994,31.791999999999998,15,300.8913333333333,0.04533333333333332,-0.47000000000000003,75.0
Pacific,1996,49.179285714285705,14,300.39214285714286,0.3,0.2521428571428571,100.0
Pacific,1997,35.0,13,300.1530769230769,0.99,0.009230769230769213,75.0
Pacific,1998,44.5533276450512,586,299.2632593856655,0.9865187713310585,-0.6146075085324239,100.0
Pacific,1999,25.40909090909091,11,300.771,0.009999999999999964,-0.89,75.0
Pacific,2000,52.8448275862069,87,300.27023255813947,0.4443023255813954,-0.5737209302325582,100.0
Pacific,2001,27.270491803278688,61,300.31033333333346,0.07500000000000001,-0.312,100.0
Pacific,2002,26.479859649122808,570,299.2335500878736,0.2506326889279436,-0.548031634446397,100.0
Pacific,2003,1.1895,820,300.4151341463413,-0.12756097560975616,-1.7459756097560986,100.0
Pacific,2004,1.582380038387716,1042,300.44749520153596,-0.005834932821497255,-1.2839827255278318,75.0
Pacific,2005,1.4223284313725488,816,300.1567156862746,0.1062745098039215,-1.1809558823529407,95.0
Pacific,2006,1.7986367634124891,1137,300.5126385224278,0.14217238346525948,-0.8254001759014953,100.0
Pacific,2007,4.146044386422976,766,300.24048366013085,0.4715424836601305,-0.6112549019607844,92.5
Pacific,2008,3.431917293233083,1064,299.66438909774445,0.2515507518796992,-1.0402067669172927,99.0
Pacific,2009,4.08603112840467,1028,300.30170233463036,0.25298638132295703,-1.087889105058366,75.0
Pacific,2010,7.679956474428727,919,299.94450489662694,0.5414036996735582,-0.7070184983677914,96.5
Pacific,2011,1.320844155844156,616,299.9873376623376,0.05636363636363637,-1.228344155844155,75.0
Pacific,2012,0.7279005524861878,724,300.64009668508277,0.19877071823204412,-1.0233563535911598,36.25
Pacific,2013,4.223700934579439,1070,300.9349439252339,0.41607476635514007,-0.8217383177570095,75.0
Pacific,2014,3.338584474885845,876,300.8368150684932,0.37065068493150716,-0.9415867579908676,100.0
Pacific,2015,2.612526539278132,942,300.9917197452226,0.34300424628450127,-0.8094798301486199,75.0
Pacific,2016,10.868043844856661,1186,300.6910202360875,0.5717706576728495,-0.43256323777403033,95.0
Pacific,2017,3.016156462585034,1176,300.9484693877551,0.22044217687074827,-0.9151020408163272,95.5
Pacific,2018,0.7085526315789474,912,301.43070175438544,0.0015350877192982265,-0.996052631578947,60.0
Pacific,2019,3.874049773755656,884,301.41651583710365,0.13324200913241993,-0.766438356164383,100.0
Pacific,2020,3.7023809523809526,84,,,,35.0
Red Sea,1998,48.3,5,300.354,0.642,0.028000000000000046,75.0
Red Sea,2003,0.03125,16,297.99000000000007,0.6125,-1.1,0.25
Red Sea,2004,0.03333333333333333,90,298.6214444444443,0.18700000000000006,-2.7035555555555555,0.5
Red Sea,2005,0.09859154929577464,71,298.54619718309857,0.2666197183098591,-1.762112676056338,1.75
Red Sea,2006,0.4166666666666667,30,297.5693333333334,0.7333333333333333,-0.6139999999999998,1.0
Red Sea,2007,0.0,46,297.8726086956521,0.8386956521739132,-0.03217391304347842,0.0
Red Sea,2008,0.4528260869565217,92,298.732,0.14377777777777778,-2.6639999999999993,10.0
Red Sea,2009,0.6623931623931624,117,298.5805982905982,0.4510256410256411,-2.5798290598290605,25.0
Red Sea,2010,1.5416666666666667,60,297.71333333333314,1.6406666666666672,-0.591333333333333,75.0
Red Sea,2011,0.0,77,297.41636363636337,0.40064935064935064,-1.6332467532467532,0.0
Red Sea,2012,0.9242424242424242,66,298.0260606060605,0.2866666666666666,-3.0921212121212114,10.75
Red Sea,2013,0.0,68,297.67088235294113,0.3388235294117648,-2.9367647058823545,0.0
Red Sea,2014,0.6764705882352942,68,297.5199999999999,0.5897058823529413,-4.355294117647059,8.75
Red Sea,2015,0.025,60,297.55833333333305,-0.2696666666666665,-2.597999999999999,0.75
Red Sea,2016,4.444444444444445,18,297.04,-0.10111111111111111,-0.22666666666666668,25.0
Red Sea,2017,0.0,32,298.3862499999999,0.3825000000000001,-3.8837500000000023,0.0
Red Sea,2018,0.125,60,297.66200000000003,1.2893333333333337,-0.4963333333333333,1.75
Red Sea,2019,0.30405405405405406,74,297.5478378378381,0.7373529411764708,-0.6288235294117648,5.5
Red Sea,2020,0.375,4,,,,0.75
